#                                                                                           
# .csv to store UE's information in HSS                                                     
# Kept in the following format: "Name,Auth,IMSI,Key,OP_Type,OP/OPc,AMF,SQN,QCI,IP_alloc"  
#                                                                                           
# Name:     Human readable name to help distinguish UE's. Ignored by the HSS                
# Auth:     Authentication algorithm used by the UE. Valid algorithms are XOR               
#           (xor) and MILENAGE (mil)                                                        
# IMSI:     UE's IMSI value                                                                 
# Key:      UE's key, where other keys are derived from. Stored in hexadecimal              
# OP_Type:  Operator's code type, either OP or OPc                                          
# OP/OPc:   Operator Code/Cyphered Operator Code, stored in hexadecimal                     
# AMF:      Authentication management field, stored in hexadecimal                          
# SQN:      UE's Sequence number for freshness of the authentication                        
# QCI:      QoS Class Identifier for the UE's default bearer.                               
# IP_alloc: IP allocation stratagy for the SPGW.                                            
#           With 'dynamic' the SPGW will automatically allocate IPs                         
#           With a valid IPv4 (e.g. '172.16.0.2') the UE will have a statically assigned IP.
#                                                                                           
# Note: Lines starting by '#' are ignored and will be overwritten                           
ue1,mil,413171000000001,12345678901234567890123456789012,opc,23456789012345678901234567890123,9001,000000009487,7,dynamic
ue2,mil,413171000000002,56789012345678901234567890123456,opc,67890123456789012345678901234567,9001,000000002084,7,dynamic
